resolution,delay
320,0.07844493389129639
480,0.12387914657592773
640,0.21084084510803222
800,0.3401905059814453
960,0.4359320402145386
1120,0.6233629703521728
1280,0.8249512910842896
1440,1.0018669366836548
1600,1.2585919141769408
1760,1.4794090270996094
1920,1.854982352256775
