resolution,delay
1920,1.8080483675003052
1600,1.2272828340530395
1280,0.8146230936050415
960,0.43968877792358396
640,0.27306945323944093
320,0.08930482864379882
